1069072032,T_Mac晨,男,宁夏 银川
1079428645,颖火虫LQ的小屋,女,上海 闵行区
1087562300,小肥羊200424,男,黑龙江 哈尔滨
1148834433,holy_奥德曼,男,上海 宝山区
1159144044,肌萎虾,男,上海 宝山区
1168439443,一坨白小球,女,海外
1195179360,贾国昌-,男,北京 朝阳区
1216594425,香菜羊肉烧麦,男,北京 海淀区
1218929973,一舟之旅,男,北京 丰台区
1247609210,迪行天下talented,女,上海 徐汇区
1261523467,苏格拉底一世,男,海外 法国
1261600597,双碾盆崽,男,重庆
1297742162,祖籍天津的包子,男,河南 三门峡
1301136883,秋风独舞,男,山东 青岛
1308502800,爱放空星人,男,广东 广州
1374845285,属狮子的猫730,女,辽宁 大连
1392611220,提子面包片,男,广东 广州
1415032503,摩羯季的流苏云9652,女,北京 朝阳区
1453084442,辛意道,男,北京 海淀区
1464195934,南山菊,女,北京
1465296725,兔耳萝卜汤,男,北京
1500091725,24度24,女,广东 深圳
1526837682,一韵,男,广东 广州
1530414624,五道春光,男,浙江 金华
1559997060,做不了奥迪特的好少年,女,辽宁
1563158001,劳什子的玩意,男,北京
1584760950,修身养性哒胖胖龙,男,北京 朝阳区
1590367474,恰恰相反c_C,女,北京 东城区
1598001175,皇家黄三爷,男,河南 郑州
1601062235,菊部地区有大血_,男,山西
1629545747,随便看看不说话这样,女,其他
1630332573,恩各斯基,男,广东 惠州
1630727693,达蒙也叫大萌,男,海外 其他
1638781994,新浪体育,无,无
1639336730,ANnie_Chann,女,山东
1642500775,大懒糖,男,海外 日本
1651852651,李方圆,男,辽宁 本溪
1652282255,抽抽os,女,广东 湛江
1658770173,科比庄园社区,无,无
1662491313,椰子姑娘米小怡,女,山东 济南
1676956437,Justin_红魔,男,四川 成都
1678178041,小胜V5,男,河南 濮阳
1683013732,体育菌,男,广东 广州
1696748901,敏敏Misaki,女,广东 广州
1697674224,先锋篮球,无,无
1701370581,大爱妖孽JKS,女,内蒙古 呼和浩特
1702537070,穆紫枫,男,海外 新加坡
1703095821,还是大大,男,江苏
1704277014,简单平常风和日丽,女,北京 东城区
1718426813,冀-US17,男,河北 邯郸
1721030997,网易云音乐,无,无
1734051213,布鲁布兰,男,广东 汕头
1736329970,新浪NBA,无,无
1736685657,敬无语凝噎,女,其他
1737961042,中国篮球,男,其他
1739283322,大愚麟,男,广东 广州
1740415275,KUMAknight,男,广东 广州
1744824640,篮球世界杯赛程,女,其他
1750359840,肥俊_Fung,男,广东 广州
1752056725,张杰151,男,北京 东城区
1769826695,susanwang的围脖,女,内蒙古 通辽
1772199263,喜碧toHebe,男,广西 桂林
1774448060,rosaxiezhen,女,重庆 北碚区
1774913472,evi_阿霽,女,上海
1775628114,摩迪凯栗子,女,上海 松江区
1782452694,丁小猫-DXM,女,江苏 南通
1782677893,flyawyany,男,吉林 长春
1783334081,龙欣月-,女,北京
1783941063,shirley-hhl,女,广东
1786029414,绵绵GAYI,女,浙江 杭州
1788222833,郑S诚诚诚,男,其他
1792108904,瑶瑶是科比的瓦妮莎,女,江苏
1794573771,拉玛Q帝,男,其他
1795038107,黎明824,男,海外 美国
1795919975,邵嬌-,女,山东 淄博
1804273803,王硕PINOCCHIO,女,黑龙江 大庆
1804639421,卍嬣,女,山东 泰安
1806095283,晓适,男,新疆 乌鲁木齐
1806152152,迷糊小天使2018,女,上海
1808672830,橙子c_c橙子,女,广东 揭阳
1810814861,扬尼斯-阿德托昆博-中文网,男,海外 美国
1815357191,大白微了个博,男,陕西 西安
1816015222,手ooo木,男,北京 东城区
1820707457,KenyaLau,男,山东 济南
1820753095,HyW爱KOBE_,女,广西 南宁
1831193290,Hoover的一些事一些情,男,广东 韶关
1832315375,单要俩菜底儿的QH,男,北京 海淀区
1840337770,石川家的大肥喵,男,其他
1842403830,我的名字平凡如我这般,女,浙江 杭州
1842959141,马忠明同学,男,山东 临沂
1843270210,无敌PINK小猿,女,其他
1845729352,武汉热赛事,无,无
1850101751,Glory_飞翔的阿辉,男,上海 徐汇区
1855913187,prayforkt,女,山东
1859753494,肥师奶-小怡,女,广东 深圳
1860345164,Rexlights,男,广东 深圳
1863567991,ROC婧婧婧婧婧努力努力再努力,女,天津
1863871627,F彩虹归零F0515,女,陕西 安康
1865155800,Kivififi,女,其他
1866233161,那人_那事_那时光,女,云南 普洱
1869908114,Jassionmu,男,上海 浦东新区
1871907260,红色的小提琴,女,广东 广州
1889943831,拿铁Du,女,辽宁 大连
1891880221,尼桑是個八嘎罒3罒,女,香港 中西区
1893749465,时光音悦台,男,海外 美国
1893799342,轉身的薇笑FOR_U,女,福建 泉州
1899790651,李博POLLY,女,北京 海淀区
1900256963,,无,无
1901701794,1昕一yi,女,海外
1908275435,库里吧微博,男,海外 美国
1908317564,我是周杰伦的小粉丝_,男,广东 东莞
1909601243,欣然而至,男,黑龙江 哈尔滨
1914929154,大王派我来巡山喔,男,海外 美国
1916739914,Bryant先生,女,广东 深圳
1925158570,海妹妹125,女,其他
1929538181,挽风与归,女,其他
1930979027,溶解了个氧巴扎黑,女,其他
1944330773,张航Carmelo,男,河南 三门峡
1947930384,鲁储熙,男,湖北 武汉
1948427710,睿宝脑海中的记忆,男,北京 朝阳区
1950903491,这个逗哔不太冷,男,辽宁 抚顺
1952147885,顿次打次蹦沙卡拉卡,女,北京 海淀区
1957674677,100個太陽_,男,海外 美国
1965280880,lakersgirl是小荔枝Sibyl,女,海外 新加坡
1975696940,_DDD-伟,男,广东 珠海
1977014061,Linsanity_17,男,广东 广州
1983655155,love火箭,男,海外
1991821131,Vincent_Ku,女,江苏 无锡
2012110252,-乔Jyuan-,男,浙江
2014884445,生活简好,男,陕西 西安
2020495983,库尔勒没有秋天,男,四川 成都
2037691591,爱图一生,男,辽宁 沈阳
2061462331,eternal007七仔,男,浙江
2064480361,迷中女,女,北京 海淀区
2072941025,SekaiRoku,女,上海
2082680527,王子nic,男,江苏 南京
2092561235,木同-先森,男,吉林 长春
2115763357,RUNNING陈哲,男,其他
2119239917,Zhhhhnnnnnn,男,江西 新余
2124095533,Daze丨Z,男,其他
2156592072,歌舞生平弥敦道,男,广东 广州
2167274071,YN繁华似锦,女,浙江 温州
2169280415,ryoryo2001,男,江苏 无锡
2171241151,21-24-7-3-21,男,北京 海淀区
2176775615,黄man巴,男,广东 广州
2179600514,ccclnd,男,海外 新加坡
2180579590,Zhou_Yim1120,男,广东
2215792485,WoJiaoLao艾,男,广西
2215865384,Tracy-Paris,男,江苏 苏州
2215865465,Cauthy世界,男,四川 成都
2230326994,梁大居是你的居了,男,广东 肇庆
2235581167,枫之Hai,男,广东 河源
2244853810,中国籍男子-,男,广东 东莞
2245359197,绝版小球探,男,上海 徐汇区
2252369174,屌丝小轻年,男,浙江 绍兴
2254501460,苏酥苏苏俊华,男,广东 汕头
2267973470,babyface076,男,浙江 嘉兴
2270576850,M鲸酒啤酒,男,河北 秦皇岛
2270676542,changbiyuan,女,广东 广州
2274589687,雅琳爸爸有理想,男,山东 潍坊
2282836777,Danax蛋奶昔,男,北京 朝阳区
2295903877,一颗老汪鸡蛋,女,江苏 南京
2307980864,豆干xx,男,广东 深圳
2312351490,虎贵,男,宁夏 银川
2312682142,小懒虫QS,男,山东 青岛
2326263565,陈仪龙Feeling,女,海外
2346412571,小舟微笑在林间,女,广东 广州
2347761193,情绪化犯罪,男,江苏 南京
2349743891,SIRX,男,广西
2363185271,我应该还能长高吧,男,上海 松江区
2365942991,小步快点走,女,湖南 长沙
2366291833,jiexin_ggcc,女,北京 东城区
2368105913,小马哥想改个名咋就这么难呢,男,吉林
2368118522,沐沐ol,女,云南 昆明
2370337010,Dun呆can,男,上海 黄浦区
2389057300,江戸不死小鳥,男,海外 日本
2390471560,JW回来的时候,男,其他
2392279915,-Demon_s-,男,其他
2396860700,外面下着二,女,其他
2406976621,五环人生,男,北京
2413065054,amt513,男,新疆 乌鲁木齐
2418689691,丿灬萨安德飒,男,湖北 黄冈
2434072477,小火锅是图图,男,山西 长治
2436771950,伟-煊,男,广东 广州
2441272864,李天霸动霸tua,男,安徽
2443274987,iFU2020,男,河北 承德
2443393315,小虫子扮天使,女,黑龙江 大庆
2449840143,化身孤岛的鱼_,男,陕西 榆林
2462064377,手机用户2462064377,男,江苏 南京
2463118217,馨呀新丫,女,河北 石家庄
2464818312,一湖一天堂,男,浙江 杭州
2479157933,ys-trouble,男,北京 朝阳区
2487892232,Gorfu,男,广东 广州
2488766332,我是孙思远啊,男,河南 新乡
2493721873,雀雀老火锅,男,山东 济南
2494935602,篮球技巧教学,男,海外
2500626051,杨羊羊羊洋523,女,河北 廊坊
2500936992,拌饭这样,男,广东 江门
2501991237,kirbyxin,男,江苏 南京
2528846407,Crossover小北,男,浙江 杭州
2529164261,赵几岁,女,湖南 长沙
2530574982,刘和森,男,安徽 六安
2538824621,ManyZm,男,内蒙古
2550384981,陈旭_xu,女,辽宁 鞍山
2578400527,辋川樵夫,男,北京 海淀区
2611647647,Gyeghupa,男,西藏 拉萨
2614201504,Yansasa_1002,女,福建 福州
2620848275,Edwardeep,女,海外 其他
2626649757,橘子柠檬石榴,女,西藏 林芝
2629503097,扎克--,男,广东 茂名
2632652611,Future美,女,四川 成都
2632909113,我是只哈登小迷妹,女,山西 太原
2634363971,四号位的革命,男,江西 赣州
2634661507,Change-禤,女,广东
2640078371,C-laiman,男,海外 泰国
2643462321,WU24吳國照,男,广东 广州
2643511714,永远不驾崩的皇帝,男,山东 东营
2646407451,__蓟先森,男,海外 法国
2650213745,super刘琼ing,女,山东 青岛
2651429303,行走的大西几,男,香港 荃湾区
2653926262,林国伟_13,男,云南 普洱
2660338960,Pen9xY,女,广东 东莞
2667571721,Leonardo叶拾,男,山东 青岛
2668229443,TIGER1818,男,山东 烟台
2678845925,MIN那年,女,内蒙古 赤峰
2690586571,会会酱de城堡,女,其他
2691436133,一般好就好-,男,北京 昌平区
2700341272,资深产品-黑小白,男,四川 成都
2708158983,马力丹,女,辽宁 本溪
2711589165,KINGsn喆,男,甘肃 兰州
2715678401,HGS1996,男,广东 广州
2716030311,长蛆,男,北京
2717264871,虽年少-但不轻狂,男,贵州 贵阳
2725524721,DaniloGallinari达尼罗加里纳利,男,海外
2726809524,Toublemarker,男,广东 深圳
2733922427,兜兜的HAPPY,男,河南 郑州
2737356251,牛肉煎饼果子肉饼松,男,贵州 遵义
2752593351,有序-,男,北京 朝阳区
2756368830,liu刘博奥,男,河北 邯郸
2769478693,大珊同学2333,男,吉林
2780064211,阳光很好--我很好,女,甘肃 兰州
2784173660,Mr_许俊,男,浙江 杭州
2785232427,Selwind,男,天津 静海县
2801510640,R1cardo-,男,上海 宝山区
2805521021,洁白的白大褂,男,浙江 温州
2805770671,薰风如弦,男,其他
2807465613,艾小姿--,女,海外
2813174881,Family_life,男,重庆 南川区
2814532703,美清Roo,女,其他
2815313301,chris___f_ck,男,陕西 榆林
2818118507,流枫悦辰,女,黑龙江 哈尔滨
2839107347,微博篮球,无,无
2841877911,CBA赛场,无,无
2848973051,S-Five,女,北京 朝阳区
2875781930,蓄力饭盒侠,女,黑龙江 绥化
2876029197,汪汪汪汉超,男,湖北 孝感
2882720404,快乐的小三叉,男,山东 潍坊
2884591964,音乐罓杂货店,男,广东 深圳
2909118331,真惟2909118331,男,重庆
2911239087,你还挺能闹de,男,广东 深圳
2912487434,我能踩在你的AJ上亲你嘛,男,上海 虹口区
2921634712,最强能力者RISE,男,海外
2921912871,Smalronono,女,海外 德国
2927587627,罗支,男,四川 成都
2935159247,樊福怀,男,山西 太原
2942136395,关关关关二爷,女,内蒙古 呼和浩特
2942659547,隔壁村里最萌的c,男,海外
2964421465,可可丶柯,男,海南 海口
2964493453,娱乐圈神评,女,北京
2964853304,老七说球,男,浙江 杭州
2972348550,代号ak诚,男,上海
2975997412,StephenWS,男,其他
2977433805,Jay说听妈妈的话,女,其他
2984870814,Song-pf,男,河南 许昌
3012889857,分开也像同渡过leslie,女,海外
3032324081,Nick-WT,男,广东
3035112283,__Lyns,男,广东
3035476693,传说中的亨哥,男,其他
3041415175,硬汉贼,男,甘肃 庆阳
3046004077,好事多磨0828,男,江西 九江
3049927940,Pullupat6,女,广东
3057303051,一个好人加油,女,辽宁
3058608945,吾非儒花非发,男,山东 滨州
3081080127,爱篮球一辈子,男,北京 大兴区
3082506810,是初六呗,女,山东 东营
3083675110,微博赛事,无,无
3084462917,HG-GJQ,女,四川 成都
3096338577,少男乖爱吃沙琪玛,男,广东 广州
3101987241,Bessie_XPEi,女,海外 美国
3117019011,Yanghaoreal,男,江苏 常州
3132335671,忍者就像神一样的龟,男,浙江 金华
3144719852,DoncicLKK,女,山东
3146352084,肚子里有料儿,男,海外 爱尔兰
3147681882,我的hao是昊不是浩,男,山西 太原
3155851482,爱无永爱,男,安徽 合肥
3158433147,jjjiuran_,女,浙江
3164786333,无牙仔小傻样,女,其他
3165047660,隔壁班的克莱_,男,黑龙江 哈尔滨
3169642350,薰衣草味嘚马卡龙,女,福建 厦门
3177419710,小仙兔Primrose,女,山东
3180957623,李-振钦,男,广东 佛山
3186050064,SergeantLee,男,黑龙江 齐齐哈尔
3191036510,吴昊天KawhiBryant,男,河北 承德
3191498831,马侠彦,男,天津 南开区
319369,圣刘昶,男,河南 郑州
3195148200,倒带我们的花样年华,男,河南 信阳
3197655877,_Blue_-,男,黑龙江 大庆
3199901402,小白兔白bai,女,安徽 芜湖
3200224555,幽幽幽幽幽灵丶,女,其他
3207426322,挡不住的witnessLBJ,男,甘肃 兰州
3208659270,麦果的花园Garden,男,湖南 长沙
3221290077,西部牛仔XBO,男,海外 美国
3223615351,666刘兴悦,男,广东 惠州
3227330085,新龙新龙,男,辽宁 铁岭
3228823803,劉寳軍,男,河北 衡水
3231413221,Jonny啾妮,女,广东 江门
3241061602,LITERACY楊,女,湖北 武汉
3242367505,michael237914,男,甘肃 兰州
3260576570,JungAshley,女,其他
3264072325,KobeBryant,男,海外 美国
3265187792,Edden逸嘉YY,男,其他
3276894280,TJUAP,男,天津 南开区
3301794543,Mr_小爷儿_,女,海外 其他
3302412921,尤里尤外,女,其他
3306173234,刺桐木,男,山东 烟台
3316750345,-earthquake-Hekun,男,北京 怀柔区
3342054282,小五要长大,男,海外
3349635870,冷漠的雷阿伦,男,广东 潮州
3456583994,hey_吴采玲,女,江西
3464732190,罗济卡纳利,男,北京 东城区
3473702822,常建芳,男,其他
3479857937,轩萱2013best,女,天津 河西区
3488895952,棠梨煎雪Jerry,女,海南 三亚
3516786194,禁区一抹弧线,男,山东 济南
3536859955,李圈圈啊啊,男,山东 烟台
3556184623,22岁少年不再C,男,其他
3570432085,Bingbing诶,女,其他
3593405691,now迷,女,上海 长宁区
3613496233,开心的小泡芙,女,黑龙江 哈尔滨
3616048545,西班牙武康大学_UCAM,无,无
3616559965,迪迪-别,男,其他
3617385230,锦超方铭,男,江西 南昌
3658136271,牛奶不加糖O_o,女,海外 其他
3674672635,虾凝,女,福建
3681339944,基尔霍夫的薛定猫,男,山西
3681913405,荔different茘,女,其他
3690764032,以祯亦纾,女,山东 烟台
3708697380,天佑秦楠,男,陕西 商洛
3711819731,银纸吹雪,女,广东 广州
3717204641,8简简单单8,男,江苏 常州
3731414394,_kAnG_NORD,男,山东 泰安
3741898832,Jessiemei1223,女,广东 东莞
3749925710,鹿小晗_重启,女,甘肃 兰州
3759536875,Accionista,男,山西 太原
3759961583,Ty_curry,女,四川 成都
3764648375,刘某爱呲肉,男,河南 焦作
3771133103,oo0o安静o0oo,男,北京 房山区
3790669345,ciel李小姐,女,其他
3802283035,清的白云,女,其他
3803047233,荷章,男,其他
3806571943,弘方,女,河北 沧州
3808333128,风筝Z天空,男,四川 成都
3816239737,夏日甜甜甜茶,女,河南 郑州
3822349022,身披金甲聖衣腳踏七彩祥雲大度猴,男,江苏 常州
3826575570,如如涵,女,海外 澳大利亚
3828406084,农民爱茶,男,湖北 宜昌
3835308169,张姆斯Z,男,上海 浦东新区
3849913462,篮音悦,男,江西 南昌
3850175382,末日中的光明,男,浙江 杭州
3867422153,没办法就是很喜欢五月天的阿,女,浙江
3871673022,Al亏克,男,其他
3884541242,陈吉峰c,男,辽宁 辽阳
3891302699,AKA-立入禁止,男,安徽 合肥
3893790289,带点的老鼠,男,其他
3896397467,Evelyn_Smile,女,江苏 南京
3898930194,delicious的的boy,男,山东 青岛
3903299328,,无,无
3905660608,十分想见刘昊然,女,北京 海淀区
3911736410,final1leveN,男,江苏 苏州
3912432031,刻永世爱你的碑Vanessa,女,山西 太原
3914445052,木樨儿_湘,女,其他
3926503913,snrcyh,男,福建 三明
3929247884,呵呵雷人,男,其他
3949625991,easymoney_xyC,男,山西 太原
3970740366,庞源BJ,男,北京 东城区
3972032446,期待ing幸福,男,四川 成都
3986598692,是Paola不是跑啦,女,北京
5013258225,-星星球坠落,男,重庆
5016315035,公子叡D,男,重庆 南岸区
5017072780,Ricardo啊,男,河南 郑州
5018939985,是余可乐耶,女,四川 成都
5019002655,aka铁匠,男,海外 美国
5019671193,走起女汉纸的幸福生活,女,辽宁 朝阳
5032352808,張司佳佳佳佳佳,男,北京
5034956296,罗大胖老头,男,广东 惠州
5041189723,沈静冰呀,女,上海 杨浦区
5041949507,我是猫丨,男,四川 成都
5043722712,星噬Snow,男,辽宁 铁岭
5048098503,wumikaze5,男,山西 太原
5049757269,米粒儿是粟米,女,广东 珠海
5073068645,苏尼夏威夷,男,北京
5075541325,_Accessibleluxurism_,男,青海 西宁
5086973340,三生三世_83385,女,江苏
5088553814,辰L逝9,女,海外 英国
5089247487,Lee_xy_z,女,北京 朝阳区
5089359549,李猫乐儿yoo,女,北京 海淀区
5089515749,亚历克斯的smile,男,黑龙江 大庆
5091817274,小小的幸运哦,男,广东 东莞
5092378565,小西瓜ht,女,江苏 常州
5092766659,泓然一笑,男,上海 徐汇区
5108027892,一生所爱的的一只狗,男,河北 邯郸
5109392774,小韭菜收割机,男,其他
5112585555,FIBA国际篮联,无,无
5114223501,水木年华sun,男,天津 西青区
5123291105,日寸11,女,山东 烟台
5123558771,-THRILLING,男,其他
5127238143,西野An,女,广东
5129088222,北在北方z,男,山东 淄博
5129417939,Believe_your_self_孙斌,男,辽宁 大连
5129753544,字猫,男,其他
5132679169,今天厨子炸号没,男,北京
5133314063,博文ZERS,男,安徽 合肥
5136716508,PUPILZERO,女,其他
5139879524,沿途有你Li,男,辽宁
5141171586,东海之烨,女,其他
5141562288,再搏一下24,男,广东 茂名
5144711900,泡泡VCK,男,福建
5146986705,实现了多少目标,女,河南 南阳
5149628890,夕阳与晚秋,男,广东
5152598188,祁先森耶,男,山西 太原
5165186016,0-l千l-0,女,江苏 苏州
5168271782,紫筱梦菱,女,山东 青岛
5170615230,一只在路上的凯蒂猫,女,广东 深圳
5173194476,猫扎特Ann,女,其他
5173583894,影像视觉杨,男,北京 朝阳区
5187535361,张欣胖胖的,男,山东 青岛
5189532004,張囖Jingnan,男,江苏 南京
5189549309,sooooolove我的男神经,女,上海 徐汇区
5195905014,五谷瘦君,男,山西
5196289119,扎克拉文ZachCamp,男,其他
5196670155,MyLove天主,男,广东 广州
5202187260,云音的乐生活,女,江苏
5211402051,gadozsc_,女,其他
5215383851,不拉杆会死的lrving,男,江苏
5216330100,張中意_10,男,重庆
5216841101,畅哒da,男,河南 郑州
5217350346,湖人新王东契奇,男,云南 大理
5221062439,东方若曦177,女,陕西 西安
5224931485,西米阿米,女,河北 保定
5230491069,lucky垚哈哈哈,女,北京
5233281999,003野蛮生长,男,河北 秦皇岛
5234967564,翟越zy,男,山东 济南
5237316012,邓科伊,男,北京 东城区
5241248359,Barbie0527,女,上海 黄浦区
5241442455,Amoy很OK,男,海外 新加坡
5241736516,Duwanyali,女,辽宁 大连
5252088888,暴躁的小绵羊zzZ丶,男,辽宁 沈阳
5253453074,鹿艾晨,女,广东 广州
5255385843,科比的后仰你醉了吗,男,江苏 南京
5263319194,超优秀的人,女,云南
5263549324,不可爱终结者o,女,山东 德州
5267954817,索大镇,男,江苏 常州
5285252003,球球的LEGO,男,山东 济南
5286221469,只要久久哦,男,湖北 武汉
5293199452,一期一会Hui_,男,山西 太原
5305745735,董小娜1999,女,山东 聊城
5307244724,勇远霸气,男,河北 邯郸
5319534648,渣男锡纸烫123456,男,其他
5326433854,3篮球猫,男,其他
5337021209,一个来自地球上的人,男,上海 闵行区
5340148004,Doris777木木,女,浙江
5340155871,黄泽政LF,男,江苏 苏州
5340734748,Free·style,男,山西
5341793662,SERE-Cheetah,男,陕西
5343766869,Skylar-L,女,浙江 杭州
5343917131,圓夕元夕,女,云南 大理
5343974485,博小文__,男,广东 深圳
5347532087,用户5347532087,男,广西 南宁
5353766074,柚柚鹿鸣丶,女,其他
5358346042,Only_love_Curry30,女,浙江
5370014273,LyBhJ23,男,安徽 安庆
5383841680,zay·周小伦,男,湖南 张家界
5391565235,曾1008,男,四川 成都
5396068351,幸运的ni_,女,浙江 杭州
5403093501,Str0ngmannn,男,内蒙古
5403882144,Emisty,男,其他
5414220409,詹姆斯官微,男,其他
5424698331,帅气的星仔吖,男,河南 商丘
5429114575,空白不尴尬,男,北京 朝阳区
5443827960,LUKANG袁,男,山东 济南
5447314914,早起啊51020,男,四川 成都
5458484811,糊精后34531,男,其他
5458583862,可愛1OO,女,山西 太原
5464765892,用户5464765892,男,甘肃
5466402598,嚣张的张大爷,男,山东 德州
5471115635,想长肉的小武,男,黑龙江 哈尔滨
5471538828,西帝25,男,湖北
5485690150,我吃柠檬哈,男,内蒙古
5492709254,文山火马,男,山东 烟台
5493231032,贤良biubiubiu,男,海外
5496680000,元气满满的西贝,女,内蒙古
5503513713,啊呜两大口,女,山东
5508936106,ZJ丶Chen,男,广东 佛山
5510694416,派斯PYS,男,四川
5512356885,HyperZadd,男,湖北
5512524166,皮皮涛的心事,男,辽宁
5516001365,TeresaYI17,女,上海
5516244553,看你就像看云彩,男,陕西 榆林
5517836508,单影123456,男,浙江
5519112210,伊布拉不动莫维奇_,男,河北 张家口
5525611536,xiao旺仔,男,其他
5526281336,zhangzhiming捌六後,男,广东 深圳
5531072363,,无,无
5533173134,姚尹0217,男,江苏 淮安
5533370482,大写的GSL,男,河南 濮阳
5536208681,-背心-,男,广东
5539768539,你要这脸没啥用,男,海外
5540979019,SuPer花Li鼠,男,浙江 杭州
5547155223,路口转角遇到你-,男,河北 唐山
5563584235,该如何简爱,男,天津
5570292675,smileglory,女,北京
5573962943,贪吃的牧香人,女,广东
5578730954,Y-永不放弃,男,广东 广州
5590636380,仙道忍者附2,男,江苏
5593270724,秋末i微凉,男,山西 运城
5597164808,H苏HynA,女,陕西
5599632619,Mr_凯ing,男,广东 惠州
5602844840,23的那个詹k0,女,甘肃
5604362806,剩一笔未满,女,上海
5605663689,y鱼丸粗面123,女,其他
5606837078,CallmeMr_爽,男,天津 和平区
5610077958,郝思嘉perfect,女,北京
5622185430,木又寸树L,男,广西
5623311267,崔康熙,女,其他
5643352034,陈文涛Y,男,甘肃
5644058514,我努力的样子最酷了,女,浙江 宁波
5644886665,做我自己的锦鲤,男,重庆 万州区
5648546037,PurpleGolden,男,广东
5651658097,有酒窝的小鹏哥,男,海外 澳大利亚
5654283332,Ultra_Ma,男,四川 成都
5657194992,WANGSHUO·,男,河北 沧州
5658500769,夏天的风一阵吹过,女,湖北 武汉
5662487840,RushAY,男,江苏 苏州
5665946254,Joyce_Curry_,女,陕西
5668046802,西子妝的咔哇熊,女,广西
5668994410,Kreson_Y,男,其他
5669757250,kobe0824vanessa,男,其他
5677702548,傲慢过了头L,男,内蒙古
5684387192,听说要改个又帅又长的名字才行,男,江苏 苏州
5684558133,张金鹏-13,男,海外
5684706766,0Morital0,女,其他
5686845913,好久不见有深度_1920,男,其他
5687279753,我最jiao了,男,江西 南昌
5691978243,pioneer疯子,男,湖北
5694681470,深渊87205,男,陕西
5696140840,薛煜123,女,江苏 南京
5696492201,挹浆把酒,女,河北 石家庄
5701651823,Hsif_Detlas,男,其他
5701672515,黑子saka,男,湖北
5701727241,珅鲜儿,男,北京 东城区
5705241327,淦淦淦淦淦淦淦淦玉,男,其他
5708115030,非公开博文,男,海外
5711004897,heihei啦啦啦啦,男,北京
5711175441,小池messi,男,福建
5713422146,浪shi矢先生,男,河南 郑州
5715633440,Rachel_wu2019,男,北京
5717477647,蓝修竹兮,女,山东 威海
5721122352,坏中五,男,重庆 江北区
5725513400,忘身我,男,浙江 杭州
5733486378,Vengage,男,山东 青岛
5734972365,yu你同行x,女,四川
5746042029,超有元气呀_九七,女,山西 临汾
5747205254,一人我饮酒醉86,男,浙江
5756792858,Reddest_Blue,女,海外
5756993249,天涯狂生56591,男,其他
5758521233,WLH葳葳,女,湖南
5760693726,爱Tia的小黑炭,女,上海 长宁区
5766657766,腹肌腹肌九九归一,男,山东
5767100610,表白我西,男,重庆
5775044863,SELON-LI,女,上海
5776054966,未知联系人7852,男,其他
5776274942,你见过凌晨四点的洛杉矶吗_,男,广东 河源
5785237330,WangJackkkkkk,男,湖北 武汉
5785408986,少女心机长a,女,辽宁 铁岭
5789138939,Zyy你真秀,女,吉林
5792246393,东池桑亭,女,安徽
5812677111,小梦小小白love,女,广东
5821892679,忍不住化身一条固执的鱼儿儿,男,其他
5823085849,旅游界的king大圣-,男,北京 朝阳区
5824409008,ycy在等我,男,云南
5828879038,2016年初开通,女,其他
5831109383,_Weirdo-L,男,河北
5834410376,迪迪哒哒z,女,辽宁
5839859696,凤阳县热心市民王某人,男,安徽 滁州
5842531538,寂二Los,男,其他
5847630003,JANTAOOO,女,浙江 嘉兴
5849068899,清风挽心izjy,男,河北
5850388033,帅气厉害无敌的SZ,男,其他
5851880213,喜欢吃水蜜桃的夫人,女,广东
5853780187,难得热忱c,女,河南
5854845603,不进top20不改名,女,北京
5856136404,愚公射日vv,男,福建 泉州
5856390329,春日部炸子鸡,男,江苏 南京
5861345761,lemon-Fu1,男,其他
5861948277,你叫我改我偏不改,男,北京
5864316879,社区小玩家,男,其他
5864799615,Olivia921010,女,其他
5868036881,金州勇士队中文网,女,海外 美国
5871580120,提起往事_,男,北京
5872007050,李凯龙要努力啊,男,甘肃
5872425884,还能孩子多久0903,男,江苏 南京
5873754901,阿状_,男,天津 西青区
5874715175,Ethen00,男,贵州 贵阳
5881560178,天选淇,男,辽宁
5881938735,我们灬说好的,男,广东
5885917755,Pop_Leading,男,其他
5892095684,不啊可能是李晓倪,女,北京 海淀区
5892643886,用户5892643886,男,其他
5894470007,永远的puppy_,女,广东 中山
5895169984,ZLY爸爸,男,其他
5896107352,我再也不回精神病院了,女,安徽 池州
5896443260,王-寒-冰,男,江苏
5900853654,3484一人仙,男,江苏 宿迁
5909036200,Yi妹儿丫,女,辽宁
5909872726,萝卜小剧场,女,其他
5912306208,朴素的少年I,男,其他
5912560745,FT172019,女,黑龙江 绥化
5924253652,MYNRJYB,女,新疆
5937934509,左手种汪右手种喵,女,陕西 铜川
5938468002,-MMMelo,男,新疆
5939063145,Pawn6888,男,河北
5946193997,吾知讲咩名,男,广东
5947203958,电影狙击者,男,辽宁
5948671100,芒果味椰汁,男,其他
5949944831,有什么心结难解y,男,河南 南阳
5951385542,吴世勋无所谓我就是喜欢你_sehun,男,北京
5953888446,Cccccccccookies,男,安徽
5963345440,极简主义道路上的修行者,女,浙江 宁波
5966689959,zc我的心愿,男,天津
5969473377,用户5969473377,男,四川
5969978123,蜘蛛侠LGX,男,广东 清远
5973692791,沣水流终南,男,陕西 西安
5975230525,浮浅2003,女,陕西
5975293473,UncleDrewxr,男,其他
5978853301,我心里的三十一,男,安徽 合肥
5979018886,是哼哼了,男,浙江
5980180870,V天南海北V,男,山东
5981967634,慕留人99,女,广东
5983151827,西柚味的咩咩,女,其他
5984559694,欧欧布灵,女,福建
5984573433,五分甜男孩,男,福建 福州
5985787794,羊想杨的螃蟹,女,福建
5987986307,朱颜改Heredi,男,山东
5991340647,11zmkm,男,重庆
5992008351,江山河月,女,内蒙古
5995147437,柚子baoxi,男,浙江
5996321520,敢不敢少吃一口,女,其他
6004581509,大婷儿小婷儿,女,贵州
6008299791,unccksq,男,广西 南宁
6013307710,大帅爱car,男,辽宁 抚顺
6016304320,苑与长安,女,天津
6017476749,南方初见北方某城,男,上海 徐汇区
6017672857,心学弟子,男,福建
6020668324,吃成小卖部,男,海外 法国
6023867443,大洲NO1,男,甘肃 天水
6029117230,团雾112,男,山东
6029169410,酸奶伪少女,女,广东
6031450009,豆本加76312,女,其他
6033639145,i9瑜,男,海外
6034225105,aa66aa66,男,四川
6036380297,KLancelot,男,江苏 南京
6037360072,倔强的小小小俊,男,广东 梅州
6038312986,木木木子·,女,湖南
6039153473,越流亡勾践,女,海外
6039688391,ChaseFate,男,河北 秦皇岛
6039732904,单身汪汪汪77197,男,其他
6040336264,小哲哲哲桑,男,北京
6044616711,酱子di吖,女,江西
6046368187,Alone-scarecrow,男,重庆 沙坪坝区
6047887637,chao75247,男,其他
6047947490,徐大超Plus,男,山西
6050525387,城北老翁o,男,海外
6053597230,心有所梦黎明即来,女,青海
6055711935,史上最強髙中生,男,台湾 台北市
6057009195,流年聚散了流年,男,福建
6064024093,厉害了world喵,女,辽宁
6064780549,卿狗狗狗狗狗,男,其他
6066423989,张东晨,男,山东 青岛
6070282688,HANI妞妞,女,四川 成都
6076444293,Me在人间捡故事,男,其他
6078552602,用户6078552602,男,其他
6083609207,大众情人小魅影,女,甘肃 兰州
6084070694,万事皆宜百无禁忌,男,宁夏 银川
6084177233,一念莲悠悠,女,山西
6085663830,納豆拌飯_醬,男,海外
6087259900,大黄再也不想做小黄了,女,广西
6088358613,于杉杉杉杉,男,江苏 南京
6091308576,断电不熄灯,男,福建 厦门
6100066682,篮球执念,男,海外
6111150282,快抓紧我的胡萝卜,女,江苏
6118681306,喵喵琪0416,女,其他
6120550231,跳个舞教个书,男,海外
6121661468,用户6121661468,男,其他
6123001389,杨帅kevin,男,新疆 乌鲁木齐
6138338276,AllezAimer,男,上海 闵行区
6140752345,短发帅气的鸡蛋,男,海外
6142499044,梦里水乡tr,男,北京 东城区
6147066502,是芦瓜呀,女,广西
6160745754,天上掉了一个李汉子,女,四川
6161335641,zoro__3,男,江西
6164934003,_Black_Hole,男,浙江 金华
6165030775,涯间浪里,男,其他
6170189238,很酷不撩妹58972,男,其他
6172593233,向阳的西瓜皮,男,广西 玉林
6175009352,注不上用户的小呆鱼,女,内蒙古 赤峰
6178933798,Niker568,男,其他
6179233137,哭哭的感冒小狸,女,其他
6183253622,用户6183253622,男,重庆
6186193676,Noble胖博,男,河北
6188789788,一天到晚游泳的鱼吗,男,四川
6190470416,大佬守望的天空,女,山东
6192449094,归来时当如是,男,山东
6202909561,用户6202909561,男,浙江
6208006834,芝兰玉树-LLX秀秀,男,浙江
6208212116,姜小凡i,男,其他
6210942448,Tia袁娅维工作室,无,无
6210947562,崔皠鏙_崔崔,女,云南
6215280831,Jarvis-Stephen-Curry,男,陕西 西安
6220628338,少年如你陈桉,女,其他
6222126330,我t尧,男,四川
6230517001,库里轮休了,男,安徽 铜陵
6256254116,Rikkiiiiiiiiiiii,女,其他
6256802200,萨拜迪卡melon,男,甘肃 兰州
6268474788,没什么想法丶,男,浙江
6273084213,YouthDreamHs,男,北京 朝阳区
6276831174,安静佛系不聊天,女,湖南 常德
6291102410,捂风挽笑ok,男,其他
6292862794,只是爱打球,男,湖南 长沙
6293393603,统兵爸爸,女,河北 唐山
6297123635,哲学家无欲则刚无根树俗人07061,男,其他
6300758319,ig夺冠我单身一辈子,男,其他
6301718934,Sardar___88,男,其他
6310824850,ChamSany,男,河北 保定
6314188612,獭ta,女,云南 玉溪
6320529392,SnowB,男,其他
6322744424,鹰积苍空,男,内蒙古 呼和浩特
6323884682,武安跟你讲,男,河北
6329839503,钢琴声中樱花飞舞,女,四川 成都
6330667175,陶斗鬼,男,其他
6337398638,阿lei哥,男,广东
6342449540,你的年少欢喜gg,男,海外 美国
6343075813,MrPresidentLee,男,其他
6352419094,我的美U,男,其他
6359840618,R不加糖De玩具KKK_K,女,其他
6362402139,早睡早起背英语余生都是你,男,河南 周口
6367098046,国际篮联篮球世界杯,无,无
6375013456,sweet小西瓜Y,女,陕西 西安
6376849188,用户6376849188,男,其他
6381244834,王紫滢紫王,女,湖南 郴州
6381459537,零乘六,女,江西 南昌
6385436811,为甚不理我,男,上海
6387481078,tivva-,男,湖北
6392900714,用户6392900714,男,贵州
6410254922,酷酷的军军a,男,河南
6410684741,ADRIANA女子体育,无,无
6415370248,沁怡云水间,女,江苏
6428331359,yn十七,女,北京 朝阳区
6438961216,用户6438961216,男,其他
6439089473,北有嘉木S后皇嘉树,男,重庆
6442366068,西苑浣荆,女,广西
6443803202,Yrmwww,男,北京
6444336020,没会员一年只能改一次,男,其他
6446052470,YX_Night,女,山东
6458345909,惠庄_hjx,男,湖南
6468159587,小麦子粉,男,内蒙古
6468573582,iooo猴猴,男,其他
6469092962,阿娜娜233,女,新疆
6470927268,王春美2002,男,其他
6477939806,李·御玖,男,其他
6481196323,9410体育,无,无
6481934540,用户6481934540,男,其他
6483944221,looovuu,男,其他
6489789364,千花如锦,女,其他
6490678530,游戏体育君,男,广东 广州
6508830897,吕先生主场,男,黑龙江
6510310104,这羊紫哦,男,其他
6528385203,郁蒸十十,女,其他
6535497840,篮星球,男,北京
6538172726,Z庆庆77,男,其他
6539064614,只为nee而来,女,福建
6539600317,草莓不会韩信,男,广东
6548572032,百合如意,女,北京 海淀区
6548904722,Yinuo2,女,北京
6553301102,Shen925664,男,其他
6556137319,明亮的星丫,男,北京
6559765024,nero的小迷弟,男,其他
6569682090,笔画马良,男,其他
6576131235,用户6576131235,女,其他
6577945744,今天给丸子点赞了吗,男,北京
6578194207,见光傻,男,其他
6578204037,lz谈,女,湖北
6579248510,swaggyCi,男,香港 其他
6580767266,用户6580767266,女,北京
6598002193,米米200504,女,辽宁
6605731462,小小木耶呀,女,其他
6608302529,且一念安然,男,河北
6616353456,霖哥篮球,男,其他
6623759651,谁还记得是谁先说永远的爱我why,女,甘肃 酒泉
6633310272,蜡笔小新_199010,男,河南
6633635995,用户6633635995,男,广东
6640029120,为梦博起风浪,男,其他
6666312802,没有哎678,女,广东
6672644703,凤婷婷婷,女,广东 深圳
6719243266,用户2617979169,男,河北 承德
6723538774,乳酸味甜甜圈,男,广西
6732461865,用户6732461865,女,黑龙江
6733270664,小宝贝要飞起来了,女,广东
6738266117,是旭哥的可儿i,女,其他
6762351587,一枝独秀-198801,女,湖南
6786788872,爱詹姆斯的蔡,男,山西 长治
6800863395,我有壹个梦想-天天要开心,男,其他
6807938185,微博CBA,无,无
6809850729,3X3黄金联赛湖北,无,无
6819114334,W库库文,男,福建
6822837738,用户6822837738,男,其他
6842722395,还是桃气包马小跳,男,浙江
6862479469,请叫我头条体育君,男,北京 崇文区
6866082855,这个名字我起了一年,男,山东
6868123767,图尔jan,女,陕西 西安
6872578489,哭唧唧嘤嘤怪辣,女,其他
6875857606,KevinChen宸,男,河南 郑州
6877641824,WangZRen,男,黑龙江 大庆
6879769646,w九殷w,男,甘肃 兰州
6905576086,蘸了糖的粘豆包,男,辽宁 大连
6910793789,ZJY2959194,男,山东 济南
6915193694,冬去春来_201210,男,湖北 荆州
6933250956,音乐爱我MusicLovesMe,男,上海
6961702278,郭昊文球迷俱乐部,男,山东
6964175158,噜噜噜噜嘻嘻嘻qww,男,其他
6990357560,珉昊在这里,男,河南
6991778999,赵鉄柱z,男,河南 郑州
6991839027,华盛顿·吴,男,湖南
6996027497,lzn-Macgrady,男,其他
7002774250,用户7002774250,男,其他
7003663394,vermouthzhe29023,男,其他
7009145560,米鼠生活,男,其他
7013049637,长沙姚明,男,湖南 长沙
7019348318,我在悬崖孤独伫立,男,海外 美国
70232378,反正就是晨桑,男,湖北 武汉
7023433900,Air-lines201903,男,其他
7036636332,和一首悲伤的歌,女,江苏 南京
7039203570,匠弈体育,无,无
7046265004,WB用户1,男,安徽
7053051436,愿与心随009,男,其他
7063781461,西门少年哇哇哇哇哇哇,女,四川
7069465886,轰轰烈烈的爱你平平淡淡的生活,男,陕西 西安
7079010333,今天我能打2号位了吗,男,江苏 徐州
7110200457,用户7110200457,男,山东
7114376393,陌殇丶Marina,男,云南
7144796540,_负一分甜,男,其他
7148712284,给我一个理由让我不对你动情,男,其他
7172126187,Svbiii19,男,新疆
7181438255,用户7181438255,男,山东
7186625690,守藏吏sss,女,其他
7189060792,ignore20999,男,广东
7200835750,Meet51946,男,其他
7201651282,卡戴詹m,男,四川
7202610148,小汨米,女,广东
7206939844,yes的58091,男,其他
7208182739,fine到爆炸的小阿卓呀,女,其他
7209557649,到此一游SFG,男,甘肃
7217217761,李小千201010,男,其他
7219864120,湖人总冠军-詹姆斯fmvp,男,陕西 西安
7219873169,777亿少女的梦,男,陕西 西安
7239795861,予鱼要开心呀,女,广东
7242007054,0704跑,男,其他
7243400888,JY-0976,男,青海
7248965243,Heyboy34413,男,其他
7254137384,用户7254137384,男,其他
7257015019,Kobe-Bay,男,辽宁 辽阳
