"userid","userName","sex","location"
"1041281547","一个叫法斗的大王","女","海南 其他"
"1141718517","月初苏山","女","其他"
"1260913263","烟笑天","女","江苏 南京"
"1421378374","沐妤","女","吉林 长春"
"1752004327","Tao要更加努力","男","福建 厦门"
"1767597951","__张特行","女","河北 石家庄"
"1775885062","自然卷卷的安生仔","男","福建 福州"
"1784066922","Songtastedc","男","江苏"
"1830430607","萌萌哒丶锤石","女","海外"
"1866013634","尼基塔_Nikita_尼基塔","女","广东 广州"
"1882345883","仲尼Johnny","男","福建 厦门"
"1887790981","广州日报","无","无"
"1894693194","煊煊kitty","女","辽宁 大连"
"1914382597","Zzzi睡到自然醒","女","海外 法国"
"1942170884","傅彪啊","男","天津 河北区"
"1997141181","开心壮壮妈妈","女","北京 朝阳区"
"2064237121","旅行中的肉兔子","女","浙江"
"2151052581","Milo_23","男","北京"
"2187703252","韋琪wickey","女","广东 广州"
"2264989572","像梦","女","其他"
"2377442383","凡兴1990","女","上海 崇明县"
"2434175837","吧唧吧唧-Fcc","女","广东"
"2455096883","小小小小甜吖","女","广东"
"2484313481","大眼猫猫闹翻天","女","黑龙江 哈尔滨"
"2504039380","小小木子M","女","重庆 渝中区"
"2558011641","丸吃","女","其他"
"2567579494","倪离加","女","上海 徐汇区"
"2595935253","无形无色无味啊","女","广西"
"2597089733","DuCheng_","女","四川 成都"
"2661579891","supre蜜","女","海外 俄罗斯"
"2714246380","幸运是我哈哈哈","女","广东 广州"
"2717163413","阿韵啊-","女","海外 法国"
"2739939617","小卜卜O","女","香港 九龙城区"
"2810796671","Sagittarius_hxf","女","湖北 宜昌"
"2824568177","全村人全宇宙的骄傲","女","山西 临汾"
"2915327647","是江柟呀","女","江苏"
"2936882141","365个旅行攻略","女","北京"
"3034571151","二不二的girl","女","四川 成都"
"3108775007","驭一","男","河南 新乡"
"3154123482","能宠我一次么","女","其他"
"3155488127","舒尤f","女","北京"
"3170110553","你吃酒嘛","女","广东"
"3178455047","嗨皮士奇妙能力","女","上海 静安区"
"3190314800","我超无语的","女","浙江 丽水"
"3218066962","殷初丁的正牌女友","女","广东"
"3220656077","努娜与甜汀","女","海外"
"3245866180","吃冰淇淋不吃小雪糕","女","广东"
"3557486624","顶顶的小花盆","女","山东 青岛"
"3664758002","噗噗很酷_","女","上海 浦东新区"
"3702725952","前景不逆","女","江西 九江"
"3738288664","高尚的人在动物世界里暧昧","男","上海"
"3748997647","儞乜","女","四川 成都"
"3749828592","Toora_Loora_Loora","女","广东 广州"
"3790543333","小芒果丶这个夏天好甜","女","天津 红桥区"
"3831191530","小小奕呀","女","广西 南宁"
"3833853805","Jennyzcl","女","浙江 杭州"
"3834549021","CHENSoooooFii","女","四川 成都"
"3837263011","910的洽Qia瓜子","女","广东"
"3861566988","倩tale","女","其他"
"3874587751","无二tt","女","陕西 西安"
"3886578183","riyuehai8308","男","山东 烟台"
"3925499343","cengyuxin","女","福建 厦门"
"3940709657","祝福珍惜","女","其他"
"5016544446","黑脸张富贵","男","重庆"
"5018663258","biubiu淘气","女","广西"
"5023677949","好想大口吃肉yi","女","湖北 荆州"
"5107013209","OO恰恰","女","广西 南宁"
"5126660961","Helen_天空中de鱼","女","上海 浦东新区"
"5165084461","交交黄鸟止于棘兮","女","江苏 南京"
"5223107967","LMA_TING","女","福建 泉州"
"5235835733","·不想做锦鲤的鱼不是一条好鱼","女","江苏 徐州"
"5239463907","小汤同学_O","女","福建 厦门"
"5266415846","suga_7","女","浙江 台州"
"5269810617","带花环的小刺猬","女","安徽"
"5284344184","名字什么的一点都不重要w","女","河南 郑州"
"5303097666","小浣熊采蘑菇","女","其他"
"5316163476","vTroyes","女","广东"
"5334822925","SiimonKing","女","新疆 石河子"
"5346655540","碳水摄入大王","女","海外"
"5362723285","QSR-ong","男","其他"
"5384072384","--昼_","女","天津 静海县"
"5392328703","张茜1996313","女","重庆 酉阳土家族苗族自治县"
"5482308027","VictoriaLiu88","女","广东 广州"
"5494853799","晚上一起看风","女","江苏 苏州"
"5517981245","妍青2019","女","浙江 宁波"
"5522857471","黛晞的嘻嘻","女","上海"
"5531582547","坐等暴富的少女","女","台湾 台北市"
"5533815746","张文娟今天暴富了吗","女","辽宁"
"5538099096","一口徐","女","安徽"
"5540582353","二十岁的曾君","女","江西 赣州"
"5576451550","玛丽黄小小","女","其他"
"5585353112","咕哩-咕咚","女","其他"
"5614572281","怕腻烦过量-","女","浙江"
"5616476445","满杯冰块","女","北京 东城区"
"5657010250","啊厚比厚比","女","香港"
"5659553069","小阎要努力努力呀","女","辽宁 大连"
"5662775638","哈尼Freya","女","江苏 泰州"
"5693366658","绿肥红瘦的绿","女","安徽 安庆"
"5698501855","桃矢滴大兔兔","女","云南"
"5712107975","我是彩虹马啊","男","广东"
"5735231770","冰叶呀-","女","陕西"
"5806699325","想拥有你_","女","湖南"
"5826149742","淡定与平静008","女","其他"
"5846211347","你不是我怎懂我的追求","女","广西"
"5858103644","sevenwnnn","女","广东"
"5863446073","我真心换绝情","女","广东 湛江"
"5874410582","翼Autism","女","云南"
"5880244885","嗨功功在这里","女","北京"
"5886514378","对我心动了吗-","女","广东"
"5896751489","初心公主-016","女","陕西 西安"
"5905992772","小小小小阿豪呀","男","江苏 苏州"
"5928578762","芭了一个蕉","男","海外 美国"
"5928856031","我是空白的分割线","女","山东"
"5930782676","Ces1m-Pitaya","女","山东 潍坊"
"5932858825","AKA周某某","女","广东"
"5965718105","Airo-雨文","女","其他"
"5976265275","松怂怂","女","其他"
"5985681676","sweet想你的人020","男","四川 宜宾"
"5993230599","sueveny","女","其他"
"5994475861","那就是我Y","男","浙江 温州"
"5994830248","今天也要开心的兔叽","女","安徽 合肥"
"6011314159","艾格斯通","女","上海"
"6013057567","舒彤彤儿66","女","福建"
"6023733117","123荒年","女","广东"
"6031298122","pp还是厉害的呀","男","内蒙古 呼和浩特"
"6032602604","vin余瑜","女","湖南"
"6034260313","G-L木木","女","广东"
"6041075034","从此改名叫滚滚","女","江苏"
"6045998990","Joyen-zhang","女","广东"
"6049293563","芋圆芝士卷","女","浙江 嘉兴"
"6062155379","不争锦鲤做锦猪","女","江苏"
"6064418143","Miraitowa7","女","山东 淄博"
"6068232207","就不起名字-","女","湖北"
"6132443540","努力的小石榴","女","河南"
"6210279242","Benussi","男","福建"
"6227102446","依依Gala","女","江苏"
"6266392005","新的一天也是一颗柠檬精","女","甘肃"
"6268306243","S玫瑰海吖","女","河南"
"6292053195","景玥君","女","湖南"
"6293516291","草莓味的小婷婷呀","女","其他"
"6298593163","小淘气鬼er","女","北京"
"6299453402","薛先生的小手手","女","其他"
"6305005554","不喜欢长发6305005554","女","广东"
"6330150008","19搞怪","女","其他"
"6334743755","2002052959的回收站","女","其他"
"6361280043","古辛fu","男","其他"
"6365168058","燃家木木","女","海外 日本"
"6392952605","满舒克和贝塔","女","上海"
"6395370716","你有看见我的ID吗","女","其他"
"6434123044","闕悅","女","其他"
"6441499661","答案不想说","女","河南"
"6463526147","张小马1798","女","河南 洛阳"
"6468441247","没有蚊子包算什么夏天","女","山东 青岛"
"6488422441","小超人的假心情","女","海外"
"6490936213","CRUCEA","女","湖北"
"6499974536","天边的那片海还在","女","其他"
"6501736210","早上好您吃了吗","男","其他"
"6543259908","开心肉肉妹","女","云南"
"6561246747","弗洛的救赎08","女","其他"
"6572159826","陈阿阿生","女","其他"
"6573213650","用户6573213650","女","其他"
"6574866102","秋瞑酱jo","女","福建"
"6586537780","什麽嘚","女","其他"
"6594591893","仙人蓝莓粒","男","其他"
"6595508910","ssssssecho","女","其他"
"6677562715","Huhuxrx","女","湖北"
"6724114108","了inging","女","河南"
"6771043515","装得挺像那么一回事","女","其他"
"6863594983","建配龙装潢","女","吉林 长春"
"6868785123","甜味拾荒者18475","女","其他"
"6878026979","温暖的micro-blog","女","陕西 西安"
"6897921155","rocket玉儿","女","其他"
"7043437013","Colababe__","女","辽宁 沈阳"
"7137175600","硬核橘味少女-","女","山东 青岛"
"7188058003","卿殒","女","其他"
"7249663730","江品盛","男","其他"
